Название,Цена,Валюта,Ссылка,Наличие
Торшер Ральф Beige,13 990,руб.,https://www.divan.ru/product/torsher-ralf-beige,В наличии: более 20 шт.
Подвесной светильник Ферум Orange,4990,руб.,https://www.divan.ru/product/podvesnoj-svetilnik-ferum-orange,В наличии: более 20 шт.
Настольная лампа Нидлс Raffia Beige,6990,руб.,https://www.divan.ru/product/nastolnaya-lampa-nidls-raffia-beige,В наличии: более 20 шт.
Светильник потолочный Ринга Black,3990,руб.,https://www.divan.ru/product/svetilnik-potolochnyj-ringa-black,нет данных
Подвесной светильник Малинг Black,6990,руб.,https://www.divan.ru/product/podvesnoj-svetilnik-maling-black,нет данных
Торшер Грено-2 Beige,13 990,руб.,https://www.divan.ru/product/torsher-greno-2-beige,В наличии: более 20 шт.
Торшер Бьйорк White,11 990,руб.,https://www.divan.ru/product/torsher-bjork-white,В наличии: более 20 шт.
Подвесной светильник Нидлс Beige,5990,руб.,https://www.divan.ru/product/podvesnoj-svetilnik-nidls-beige,В наличии: более 20 шт.
Настольная лампа Машрум-2 Black,4990,руб.,https://www.divan.ru/product/nastolnaya-lampa-mashrum-2-black,В наличии: более 20 шт.
Настольная лампа Арбет White,2690,руб.,https://www.divan.ru/product/nastolnaya-lampa-arbet-white,В наличии: более 20 шт.
Торшер Вена Black,11 990,руб.,https://www.divan.ru/product/torsher-vena-black,В наличии: более 20 шт.
Торшер Бинду Beige,16 990,руб.,https://www.divan.ru/product/torsher-bindu-beige,В наличии: более 20 шт.
Торшер Ларри Black,13 990,руб.,https://www.divan.ru/product/torsher-larri-black,В наличии: более 20 шт.
Подвесной светильник Тубули-5 Wood,12 990,руб.,https://www.divan.ru/product/podvesnoj-svetilnik-tubuli-5-wood,нет данных
Настольная лампа Сфера Orange,5990,руб.,https://www.divan.ru/product/nastolnaya-lampa-sfera-orange,В наличии: более 20 шт.
Бра Смастен White,4990,руб.,https://www.divan.ru/product/bra-smasten-white,нет данных
Торшер Алней-1 Black,7990,руб.,https://www.divan.ru/product/torsher-alnej-1-black,В наличии: более 20 шт.
Настольная лампа Арвика Wood,5990,руб.,https://www.divan.ru/product/nastolnaya-lampa-arvika-wood,В наличии: более 20 шт.
Настольная лампа Спайк Orange,1390,руб.,https://www.divan.ru/product/nastolnaya-lampa-spajk-orange,В наличии: более 20 шт.
Подвесной светильник Инлада Wood,9990,руб.,https://www.divan.ru/product/podvesnoj-svetilnik-inlada-wood,В наличии: более 20 шт.
Торшер Нидлс-2 Black,15 990,руб.,https://www.divan.ru/product/torsher-nidls-2-black,В наличии: более 20 шт.
Настольная лампа Алней Beige,5990,руб.,https://www.divan.ru/product/nastolnaya-lampa-alnej-beige,В наличии: более 20 шт.
Настольная лампа Нидлс-3 Beige,4990,руб.,https://www.divan.ru/product/nastolnaya-lampa-nidls-3-beige,В наличии: более 20 шт.
Подвесной светильник Намсен Black,10 990,руб.,https://www.divan.ru/product/podvesnoj-svetilnik-namsen-black,В наличии в других цветах: 471 шт.
Торшер Алней-1 Orange,8990,руб.,https://www.divan.ru/product/torsher-alnej-1-orange,В наличии: 13 шт.
Настольная лампа Машрум-2 Pink,4990,руб.,https://www.divan.ru/product/nastolnaya-lampa-mashrum-2-pink,В наличии: более 20 шт.
Торшер Нидлс Khaki,16 990,руб.,https://www.divan.ru/product/torsher-nidls-khaki,В наличии: более 20 шт.
Торшер Нидлс-2 Beige,15 990,руб.,https://www.divan.ru/product/torsher-nidls-2-beige,В наличии: более 20 шт.
Люстра Ливсден Brown,18 990,руб.,https://www.divan.ru/product/lyustra-livsden-brown,В наличии: 14 шт.
Торшер Алней-1 Beige,7990,руб.,https://www.divan.ru/product/torsher-alnej-1-beige,В наличии: более 20 шт.
Подвесной светильник Гронтри-1 Wood,13 990,руб.,https://www.divan.ru/product/podvesnoj-svetilnik-grontri-1-wood,В наличии: более 20 шт.
Торшер Грено-2 Black,13 990,руб.,https://www.divan.ru/product/torsher-greno-2-black,В наличии: 3 шт.
Настольная лампа Машрум-2 Gold,5990,руб.,https://www.divan.ru/product/nastolnaya-lampa-mashrum-2-gold,В наличии: более 20 шт.
Настольная лампа Нидлс-2 Beige,3990,руб.,https://www.divan.ru/product/nastolnaya-lampa-nidls-2-beige,В наличии: более 20 шт.
Настольная лампа Спайк Green,1390,руб.,https://www.divan.ru/product/nastolnaya-lampa-spajk-green,В наличии: более 20 шт.
Настольная лампа Машрум-2 Green,4990,руб.,https://www.divan.ru/product/nastolnaya-lampa-mashrum-2-green,В наличии: более 20 шт.
Бра Бракетт White,4990,руб.,https://www.divan.ru/product/bra-brakett-white,нет данных
Торшер Алней-1 Green,7990,руб.,https://www.divan.ru/product/torsher-alnej-1-green,В наличии: более 20 шт.
Настольная лампа Алней Black,5990,руб.,https://www.divan.ru/product/nastolnaya-lampa-alnej-black,В наличии: более 20 шт.
Торшер Ральф White,13 990,руб.,https://www.divan.ru/product/torsher-ralf-white,В наличии: более 20 шт.
Подвесной светильник Отра Wood,16 990,руб.,https://www.divan.ru/product/podvesnoj-svetilnik-otra-wood,В наличии в других цветах: 471 шт.
Торшер Ларри Green,13 990,руб.,https://www.divan.ru/product/torsher-larri-green,В наличии: 1 шт.
Настольная лампа Алней Orange,5990,руб.,https://www.divan.ru/product/nastolnaya-lampa-alnej-orange,В наличии: 7 шт.
Настольная лампа Машрум-2 Silver,5990,руб.,https://www.divan.ru/product/nastolnaya-lampa-mashrum-2-silver,В наличии: более 20 шт.
Светильник потолочный Орхус White,16 990,руб.,https://www.divan.ru/product/svetilnik-potolochnyj-orhus-white,нет данных
Торшер Ларри Beige,13 990,руб.,https://www.divan.ru/product/torsher-larri-beige,В наличии: 8 шт.
Настольная лампа Раффи Round,6990,руб.,https://www.divan.ru/product/nastolnaya-lampa-raffi-round,В наличии: более 20 шт.
Торшер Грено-2 Silver,15 990,руб.,https://www.divan.ru/product/torsher-greno-2-silver,В наличии: более 20 шт.
